{"cameraMode":{"drawMode":0,"name":"Shaded","section":"Shading Mode"},"sceneLighting":false,"audioPlay":false,"sceneViewState":{"showFog":true,"showMaterialUpdate":false,"showSkybox":false,"showFlares":true,"showImageEffects":false,"showParticleSystems":true},"in2DMode":false,"pivot":{"x":-0.03554278612136841,"y":0.42774829268455508,"z":-0.012863397598266602},"rotation":{"x":0.01566026732325554,"y":-0.9839094877243042,"z":0.13430655002593995,"w":0.11803539097309113},"size":5.64899206161499,"orthographic":false}