{"cameraMode":{"drawMode":0,"name":"Shaded","section":"Shading Mode"},"sceneLighting":true,"audioPlay":false,"sceneViewState":{"showFog":true,"showMaterialUpdate":false,"showSkybox":true,"showFlares":true,"showImageEffects":false,"showParticleSystems":true},"in2DMode":false,"pivot":{"x":0.0,"y":2.359999895095825,"z":-2.140000104904175},"rotation":{"x":-0.0900341048836708,"y":0.058243460953235629,"z":-0.005292702466249466,"w":-0.9942510724067688},"size":10.507787704467774,"orthographic":false}